"Yvonne McKay (sample)","McKay (sample)","226aa527-793c-ea11-a813-000d3a45b3bb"
"Susanna Stubberod (sample)","Stubberod (sample)","246aa527-793c-ea11-a813-000d3a45b3bb"
"Nancy Anderson (sample)","Anderson (sample)","266aa527-793c-ea11-a813-000d3a45b3bb"
"Maria Campbell (sample)","Campbell (sample)","286aa527-793c-ea11-a813-000d3a45b3bb"
"Sidney Higa (sample)","Higa (sample)","2a6aa527-793c-ea11-a813-000d3a45b3bb"
"Scott Konersmann (sample)","Konersmann (sample)","2c6aa527-793c-ea11-a813-000d3a45b3bb"
"Robert Lyon (sample)","Lyon (sample)","2e6aa527-793c-ea11-a813-000d3a45b3bb"
"Paul Cannon (sample)","Cannon (sample)","306aa527-793c-ea11-a813-000d3a45b3bb"
"Rene Valdes (sample)","Valdes (sample)","326aa527-793c-ea11-a813-000d3a45b3bb"
"Jim Glynn (sample)","Glynn (sample)","346aa527-793c-ea11-a813-000d3a45b3bb"
"Patrick Sands (sample)","Sands (sample)","366aa527-793c-ea11-a813-000d3a45b3bb"
"Susan Burk (sample)","Burk (sample)","386aa527-793c-ea11-a813-000d3a45b3bb"
"Thomas Andersen (sample)","Andersen (sample)","3a6aa527-793c-ea11-a813-000d3a45b3bb"
"Portal Customer","Customer","99db51a2-c34e-e111-bb8d-00155d03a715"
"System Administrator","Administrator","7469fd95-c0bd-4236-90bf-1d1100291df5"
"Vincent Lauriant","Lauriant","465b158c-541c-e511-80d3-3863bb347ba8"
"Adrian Dumitrascu","Dumitrascu","49a0e5b9-88df-e311-b8e5-6c3be5a8b200"
"Cathan Cook","Cook","4ba0e5b9-88df-e311-b8e5-6c3be5a8b200"
"Brian LaMee","LaMee","4da0e5b9-88df-e311-b8e5-6c3be5a8b200"
"Walter Harp","Harp","4fa0e5b9-88df-e311-b8e5-6c3be5a8b200"
"Cat Francis","Francis","51a0e5b9-88df-e311-b8e5-6c3be5a8b200"
"Forrest Chand","Chand","53a0e5b9-88df-e311-b8e5-6c3be5a8b200"
"Eva Corets","Corets","55a0e5b9-88df-e311-b8e5-6c3be5a8b200"
"Gabriele Cannata","Cannata","57a0e5b9-88df-e311-b8e5-6c3be5a8b200"
"George Sullivan","Sullivan","59a0e5b9-88df-e311-b8e5-6c3be5a8b200"
"Tamer Salah","Salah","5ba0e5b9-88df-e311-b8e5-6c3be5a8b200"
"Andrew Dixon","Dixon","5da0e5b9-88df-e311-b8e5-6c3be5a8b200"
"Patrick Steiner","Steiner","5fa0e5b9-88df-e311-b8e5-6c3be5a8b200"
"Susan Burk","Burk","61a0e5b9-88df-e311-b8e5-6c3be5a8b200"
"Alex Wu","Wu","63a0e5b9-88df-e311-b8e5-6c3be5a8b200"
"Yvonne McKay","McKay","65a0e5b9-88df-e311-b8e5-6c3be5a8b200"
"Darren Parker","Parker","69a0e5b9-88df-e311-b8e5-6c3be5a8b200"
"Allison Brown","Brown","6da0e5b9-88df-e311-b8e5-6c3be5a8b200"
"Sean Chai","Chai","71a0e5b9-88df-e311-b8e5-6c3be5a8b200"
"Humberto Acevedo","Acevedo","73a0e5b9-88df-e311-b8e5-6c3be5a8b200"
"Luca Argentiero","Argentiero","b5a0e5b9-88df-e311-b8e5-6c3be5a8b200"
"NeKeta Argrow","Argrow","b7a0e5b9-88df-e311-b8e5-6c3be5a8b200"
"Tomasz Bochenek","Bochenek","1fa1e5b9-88df-e311-b8e5-6c3be5a8b200"
"Nana Bule","Bule","55a1e5b9-88df-e311-b8e5-6c3be5a8b200"
"Greg Chapman","Chapman","9da1e5b9-88df-e311-b8e5-6c3be5a8b200"
"Can Comertoglu","Comertoglu","c9a1e5b9-88df-e311-b8e5-6c3be5a8b200"
"Robin Counts","Counts","d7a1e5b9-88df-e311-b8e5-6c3be5a8b200"
"Ofer Daliot","Daliot","eba1e5b9-88df-e311-b8e5-6c3be5a8b200"
"Cliff Didcock","Didcock","19a2e5b9-88df-e311-b8e5-6c3be5a8b200"
"Eva Elznicova","Elznicova","4fa2e5b9-88df-e311-b8e5-6c3be5a8b200"
"Daniel Escapa","Escapa","5da2e5b9-88df-e311-b8e5-6c3be5a8b200"
"William Flash","Flash","75a2e5b9-88df-e311-b8e5-6c3be5a8b200"
"Viggo Forde","Forde","83a2e5b9-88df-e311-b8e5-6c3be5a8b200"
"Kari Furse","Furse","9ba2e5b9-88df-e311-b8e5-6c3be5a8b200"
"Chris Gallagher","Gallagher","a1a2e5b9-88df-e311-b8e5-6c3be5a8b200"
"Hugo Garcia","Garcia","a9a2e5b9-88df-e311-b8e5-6c3be5a8b200"
"Eric Gilmore","Gilmore","bfa2e5b9-88df-e311-b8e5-6c3be5a8b200"
"Jim Glynn","Glynn","c7a2e5b9-88df-e311-b8e5-6c3be5a8b200"
"Ryan Gregg","Gregg","e7a2e5b9-88df-e311-b8e5-6c3be5a8b200"
"Uzi Hefetz","Hefetz","35a3e5b9-88df-e311-b8e5-6c3be5a8b200"
"Roland Hofmann","Hofmann","61a3e5b9-88df-e311-b8e5-6c3be5a8b200"
"Viara Kalnakova","Kalnakova","a9a3e5b9-88df-e311-b8e5-6c3be5a8b200"
"Petr Karásek","Karásek","afa3e5b9-88df-e311-b8e5-6c3be5a8b200"
"Roxanne Kenison","Kenison","c7a3e5b9-88df-e311-b8e5-6c3be5a8b200"
"Oliver Kiel","Kiel","dba3e5b9-88df-e311-b8e5-6c3be5a8b200"
"Ivan Komashinsky","Komashinsky","09a4e5b9-88df-e311-b8e5-6c3be5a8b200"
"Jason Kozleski","Kozleski","19a4e5b9-88df-e311-b8e5-6c3be5a8b200"
"Benno Kurmann","Kurmann","39a4e5b9-88df-e311-b8e5-6c3be5a8b200"
"George Li","Li","73a4e5b9-88df-e311-b8e5-6c3be5a8b200"
"Robert Lyon","Lyon","9fa4e5b9-88df-e311-b8e5-6c3be5a8b200"
"Tete Mensa-Annan","Mensa-Annan","ffa4e5b9-88df-e311-b8e5-6c3be5a8b200"
"Fabricio Noriega","Noriega","55a5e5b9-88df-e311-b8e5-6c3be5a8b200"
"Tom O'Neill","O'Neill","5fa5e5b9-88df-e311-b8e5-6c3be5a8b200"
"Wilson Pais","Pais","6fa5e5b9-88df-e311-b8e5-6c3be5a8b200"
"Ian Palangio","Palangio","71a5e5b9-88df-e311-b8e5-6c3be5a8b200"
"Rok Palčič","Palčič","73a5e5b9-88df-e311-b8e5-6c3be5a8b200"
"Flemming Pedersen","Pedersen","89a5e5b9-88df-e311-b8e5-6c3be5a8b200"
"Terrence Philip","Philip","9fa5e5b9-88df-e311-b8e5-6c3be5a8b200"
"David Probst","Probst","c9a5e5b9-88df-e311-b8e5-6c3be5a8b200"
"Olivier Renaud","Renaud","f1a5e5b9-88df-e311-b8e5-6c3be5a8b200"
"Tihomir Sasic","Sasic","4ba6e5b9-88df-e311-b8e5-6c3be5a8b200"
"Naoki Sato","Sato","4fa6e5b9-88df-e311-b8e5-6c3be5a8b200"
"Isabelle Scemla","Scemla","55a6e5b9-88df-e311-b8e5-6c3be5a8b200"
"Gary Schare","Schare","5ba6e5b9-88df-e311-b8e5-6c3be5a8b200"
"Susanne Schustin","Schustin","67a6e5b9-88df-e311-b8e5-6c3be5a8b200"
"Alex Simmons","Simmons","8da6e5b9-88df-e311-b8e5-6c3be5a8b200"
"Hoe Yew Soon","Soon","b5a6e5b9-88df-e311-b8e5-6c3be5a8b200"
"Ryan Spanton","Spanton","b9a6e5b9-88df-e311-b8e5-6c3be5a8b200"
"Iben Thorell","Thorell","0fa7e5b9-88df-e311-b8e5-6c3be5a8b200"
"Bruno Torres","Torres","21a7e5b9-88df-e311-b8e5-6c3be5a8b200"
"Florian Voss","Voss","6fa7e5b9-88df-e311-b8e5-6c3be5a8b200"
"Thiti Wang-Aryattawanich","Wang-Aryattawanich","83a7e5b9-88df-e311-b8e5-6c3be5a8b200"
"James Wittrell","Wittrell","afa7e5b9-88df-e311-b8e5-6c3be5a8b200"
"Robin Wood","Wood","b3a7e5b9-88df-e311-b8e5-6c3be5a8b200"
"Karin Zimprich","Zimprich","e3a7e5b9-88df-e311-b8e5-6c3be5a8b200"
"Shaun Beasley","Beasley","9c7a70c3-4ec8-e411-80ee-c4346bac7be8"
"Kim Abercrombie","Abercrombie","a230c305-4fc8-e411-80ee-c4346bac7be8"
"Marco Tanara","Tanara","02fa7133-4fc8-e411-80ee-c4346bac7be8"
"Bertie Hinton","Hinton","1a4f0c57-5666-e711-80f2-c4346bacfbbc"
"Shelby Paul","Paul","bde6db77-5666-e711-80f2-c4346bacfbbc"
"Isaac Lightner","Lightner","48b6c6a5-88d2-e411-80e9-c4346bad5694"
"","","58dbd239-d12e-e711-8110-c4346bad9668"
"Roland Roybal","Roybal","77a07064-1ae7-e611-80f4-e0071b661f01"
"Romeo Gooding","Gooding","79a07064-1ae7-e611-80f4-e0071b661f01"
"Hallie Jacobs","Jacobs","7ba07064-1ae7-e611-80f4-e0071b661f01"
"Joni Hernandez","Hernandez","7da07064-1ae7-e611-80f4-e0071b661f01"
"Tracie Blevins","Blevins","7fa07064-1ae7-e611-80f4-e0071b661f01"
"Leland Fusco","Fusco","81a07064-1ae7-e611-80f4-e0071b661f01"
"Hector Clausen","Clausen","83a07064-1ae7-e611-80f4-e0071b661f01"
"Amos Conger","Conger","85a07064-1ae7-e611-80f4-e0071b661f01"
"Eva Colon","Colon","87a07064-1ae7-e611-80f4-e0071b661f01"
"Brandie Diaz","Diaz","8ba07064-1ae7-e611-80f4-e0071b661f01"
"Consuelo Moses","Moses","8da07064-1ae7-e611-80f4-e0071b661f01"
"Pearlie Blackburn","Blackburn","91a07064-1ae7-e611-80f4-e0071b661f01"
"Sammy McCormick","McCormick","93a07064-1ae7-e611-80f4-e0071b661f01"
"Ladonna Carlson","Carlson","95a07064-1ae7-e611-80f4-e0071b661f01"
"Brain Rey","Rey","97a07064-1ae7-e611-80f4-e0071b661f01"
"Karl McKee","McKee","99a07064-1ae7-e611-80f4-e0071b661f01"
"Kendrick Carbajal","Carbajal","9ba07064-1ae7-e611-80f4-e0071b661f01"
"Adrienne McMillan","McMillan","9da07064-1ae7-e611-80f4-e0071b661f01"
"Pearl Chavez","Chavez","9fa07064-1ae7-e611-80f4-e0071b661f01"
"Dudley Garay","Garay","a1a07064-1ae7-e611-80f4-e0071b661f01"
"Sue Vance","Vance","a3a07064-1ae7-e611-80f4-e0071b661f01"
"Trina Duncan","Duncan","a5a07064-1ae7-e611-80f4-e0071b661f01"
"Calvin Conte","Conte","a7a07064-1ae7-e611-80f4-e0071b661f01"
"Tommie Bowers","Bowers","a9a07064-1ae7-e611-80f4-e0071b661f01"
"Bobbi Christian","Christian","aba07064-1ae7-e611-80f4-e0071b661f01"
"Maynard Lafferty","Lafferty","afa07064-1ae7-e611-80f4-e0071b661f01"
"Freida Farley","Farley","b1a07064-1ae7-e611-80f4-e0071b661f01"
"Jodi Ferrell","Ferrell","b3a07064-1ae7-e611-80f4-e0071b661f01"
"Ora Rodriguez","Rodriguez","b5a07064-1ae7-e611-80f4-e0071b661f01"
"Alexis Fry","Fry","b7a07064-1ae7-e611-80f4-e0071b661f01"
"Andrew Book","Book","b9a07064-1ae7-e611-80f4-e0071b661f01"
"Darrell Bromley","Bromley","bba07064-1ae7-e611-80f4-e0071b661f01"
"Mack Fannin","Fannin","bda07064-1ae7-e611-80f4-e0071b661f01"
"Eloise Steele","Steele","bfa07064-1ae7-e611-80f4-e0071b661f01"
"Terrie Patrick","Patrick","c1a07064-1ae7-e611-80f4-e0071b661f01"
"Rudolph Schiller","Schiller","c3a07064-1ae7-e611-80f4-e0071b661f01"
"Jayne Carr","Carr","c5a07064-1ae7-e611-80f4-e0071b661f01"
"Catalina Weeks","Weeks","c7a07064-1ae7-e611-80f4-e0071b661f01"
"Carol McLaughlin","McLaughlin","c9a07064-1ae7-e611-80f4-e0071b661f01"
"Heriberto Nathan","Nathan","cba07064-1ae7-e611-80f4-e0071b661f01"
"Everett Fielder","Fielder","cda07064-1ae7-e611-80f4-e0071b661f01"
"Claudia Ballard","Ballard","cfa07064-1ae7-e611-80f4-e0071b661f01"
"Margarita Russo","Russo","d1a07064-1ae7-e611-80f4-e0071b661f01"
"Randy Thiel","Thiel","d3a07064-1ae7-e611-80f4-e0071b661f01"
"Max McLean","McLean","d5a07064-1ae7-e611-80f4-e0071b661f01"
"Clay Clemente","Clemente","d7a07064-1ae7-e611-80f4-e0071b661f01"
"Bette Goodman","Goodman","d9a07064-1ae7-e611-80f4-e0071b661f01"
"Trudy Dickson","Dickson","dba07064-1ae7-e611-80f4-e0071b661f01"
"Amie Gonzales","Gonzales","dfa07064-1ae7-e611-80f4-e0071b661f01"
"Nanette Cervantes","Cervantes","e5a07064-1ae7-e611-80f4-e0071b661f01"
"Angelo Razo","Razo","eba07064-1ae7-e611-80f4-e0071b661f01"
"Susanne Holcomb","Holcomb","eda07064-1ae7-e611-80f4-e0071b661f01"
"Ty Tinker","Tinker","efa07064-1ae7-e611-80f4-e0071b661f01"
"Gay Gilmore","Gilmore","f1a07064-1ae7-e611-80f4-e0071b661f01"
"Jill David","David","f3a07064-1ae7-e611-80f4-e0071b661f01"
"Summer Knight","Knight","f5a07064-1ae7-e611-80f4-e0071b661f01"
"Kate Floyd","Floyd","f7a07064-1ae7-e611-80f4-e0071b661f01"
"Reggie Amaral","Amaral","f9a07064-1ae7-e611-80f4-e0071b661f01"
"Francine Duran","Duran","fba07064-1ae7-e611-80f4-e0071b661f01"
"Leann Valencia","Valencia","fda07064-1ae7-e611-80f4-e0071b661f01"
"Davis Flournoy","Flournoy","ffa07064-1ae7-e611-80f4-e0071b661f01"
"Judy Simon","Simon","01a17064-1ae7-e611-80f4-e0071b661f01"
"Frankie Mundy","Mundy","03a17064-1ae7-e611-80f4-e0071b661f01"
"Janna Santana","Santana","05a17064-1ae7-e611-80f4-e0071b661f01"
"Wayne Goolsby","Goolsby","07a17064-1ae7-e611-80f4-e0071b661f01"
"Ashley Chinn","Chinn","09a17064-1ae7-e611-80f4-e0071b661f01"
"Winifred Pollard","Pollard","0ba17064-1ae7-e611-80f4-e0071b661f01"
"Kenya Briggs","Briggs","0da17064-1ae7-e611-80f4-e0071b661f01"
"Tony Sellars","Sellars","0fa17064-1ae7-e611-80f4-e0071b661f01"
"Greta Rodriquez","Rodriquez","11a17064-1ae7-e611-80f4-e0071b661f01"
"Lucille Frazier","Frazier","13a17064-1ae7-e611-80f4-e0071b661f01"
"Morgan Bird","Bird","15a17064-1ae7-e611-80f4-e0071b661f01"
"Dawn Phelps","Phelps","17a17064-1ae7-e611-80f4-e0071b661f01"
"Reba Potts","Potts","19a17064-1ae7-e611-80f4-e0071b661f01"
"Hal Matheson","Matheson","1ba17064-1ae7-e611-80f4-e0071b661f01"
"Marianne Watson","Watson","1da17064-1ae7-e611-80f4-e0071b661f01"
"Katelyn Merritt","Merritt","1fa17064-1ae7-e611-80f4-e0071b661f01"
"Bernadette Foley","Foley","21a17064-1ae7-e611-80f4-e0071b661f01"
"Dianna Woodward","Woodward","23a17064-1ae7-e611-80f4-e0071b661f01"
"Abraham McCormick","McCormick","25a17064-1ae7-e611-80f4-e0071b661f01"
"Lizzie Foley","Foley","27a17064-1ae7-e611-80f4-e0071b661f01"
"Cheri Castaneda","Castaneda","29a17064-1ae7-e611-80f4-e0071b661f01"
"Allison Dickson","Dickson","2ba17064-1ae7-e611-80f4-e0071b661f01"
"Florine Wilkerson","Wilkerson","2da17064-1ae7-e611-80f4-e0071b661f01"
"Christal Robles","Robles","2fa17064-1ae7-e611-80f4-e0071b661f01"
"Lula Walter","Walter","31a17064-1ae7-e611-80f4-e0071b661f01"
"Rickie Seely","Seely","33a17064-1ae7-e611-80f4-e0071b661f01"
"Clarence Desimone","Desimone","35a17064-1ae7-e611-80f4-e0071b661f01"
"Christie Dawson","Dawson","37a17064-1ae7-e611-80f4-e0071b661f01"
"Martina Welch","Welch","39a17064-1ae7-e611-80f4-e0071b661f01"
"Tabatha Guy","Guy","3ba17064-1ae7-e611-80f4-e0071b661f01"
"Jolene Keith","Keith","3da17064-1ae7-e611-80f4-e0071b661f01"
"Faith Ratliff","Ratliff","3fa17064-1ae7-e611-80f4-e0071b661f01"
"Jennifer Rivas","Rivas","41a17064-1ae7-e611-80f4-e0071b661f01"
"Tamra Riggs","Riggs","43a17064-1ae7-e611-80f4-e0071b661f01"
"Mike Fogarty","Fogarty","45a17064-1ae7-e611-80f4-e0071b661f01"
"Reed Hermann","Hermann","47a17064-1ae7-e611-80f4-e0071b661f01"
"Eva Dawson","Dawson","49a17064-1ae7-e611-80f4-e0071b661f01"
"Pamela Golden","Golden","4ba17064-1ae7-e611-80f4-e0071b661f01"
"Lawanda Massey","Massey","4da17064-1ae7-e611-80f4-e0071b661f01"
"Orville Eagle","Eagle","4fa17064-1ae7-e611-80f4-e0071b661f01"
"Laurie Norman","Norman","51a17064-1ae7-e611-80f4-e0071b661f01"
"Gracie George","George","53a17064-1ae7-e611-80f4-e0071b661f01"
"Faith Charles","Charles","55a17064-1ae7-e611-80f4-e0071b661f01"
"Maryanne Wilcox","Wilcox","57a17064-1ae7-e611-80f4-e0071b661f01"
"Madge Sutton","Sutton","59a17064-1ae7-e611-80f4-e0071b661f01"
"Bob Kozak","Kozak","5ba17064-1ae7-e611-80f4-e0071b661f01"
"Kellie Leblanc","Leblanc","5da17064-1ae7-e611-80f4-e0071b661f01"
"Dick Cowley","Cowley","5fa17064-1ae7-e611-80f4-e0071b661f01"
"Vicky Barker","Barker","61a17064-1ae7-e611-80f4-e0071b661f01"
"Katheryn Dickson","Dickson","63a17064-1ae7-e611-80f4-e0071b661f01"
"Jay Orth","Orth","65a17064-1ae7-e611-80f4-e0071b661f01"
"June Low","Low","67a17064-1ae7-e611-80f4-e0071b661f01"
"Reina Cabatana","Cabatana","69a17064-1ae7-e611-80f4-e0071b661f01"
"Brady Hannon","Hannon","6ba17064-1ae7-e611-80f4-e0071b661f01"
"Simon Raley","Raley","6da17064-1ae7-e611-80f4-e0071b661f01"
"Wilson Chew","Chew","6fa17064-1ae7-e611-80f4-e0071b661f01"
"Edgar Dominquez","Dominquez","71a17064-1ae7-e611-80f4-e0071b661f01"
"Efrain Schreiner","Schreiner","73a17064-1ae7-e611-80f4-e0071b661f01"
"Joseph Gonsalves","Gonsalves","75a17064-1ae7-e611-80f4-e0071b661f01"
"Matthew Everson","Everson","77a17064-1ae7-e611-80f4-e0071b661f01"
"Ricardo Seely","Seely","79a17064-1ae7-e611-80f4-e0071b661f01"
"Norbert Sandberg","Sandberg","7ba17064-1ae7-e611-80f4-e0071b661f01"
"Van Amundson","Amundson","7da17064-1ae7-e611-80f4-e0071b661f01"
"Samuel McBride","McBride","7fa17064-1ae7-e611-80f4-e0071b661f01"
"Victor Timm","Timm","81a17064-1ae7-e611-80f4-e0071b661f01"
"Kris Nakamura","Nakamura","83a17064-1ae7-e611-80f4-e0071b661f01"
"Ryan Brim","Brim","85a17064-1ae7-e611-80f4-e0071b661f01"
"Luke Lundgren","Lundgren","87a17064-1ae7-e611-80f4-e0071b661f01"
"Jorge Gault","Gault","89a17064-1ae7-e611-80f4-e0071b661f01"
"Mallory Rosario","Rosario","1bb028ba-da09-e711-8107-e0071b6a1051"
"Jennifer Wilkins","Wilkins","2d0f7e14-0c56-e711-8135-e0071b6a7021"
